{"Diagonal Symmetry Score": 1.0, "Row/Col Normalization Score": 0.9720810055732727, "My method size weighted latency": 78940.375, "Grid plus size weighted latency": 104880.2109375, "Run Time": 96.25560879707336}