{"Diagonal Symmetry Score": 1.0, "Row/Col Normalization Score": 0.9682426452636719, "My method size weighted latency": 162450.109375, "Grid plus size weighted latency": 198221.8125, "Run Time": 102.35146880149841}