{"Diagonal Symmetry Score": 1.0, "Row/Col Normalization Score": 0.9611670970916748, "My method size weighted latency": 221775.71875, "Grid plus size weighted latency": 270698.375, "Run Time": 97.20860362052917}