{"Diagonal Symmetry Score": 1.0, "Row/Col Normalization Score": 0.9740376472473145, "My method size weighted latency": 115714.9453125, "Grid plus size weighted latency": 116814.0859375, "Run Time": 99.21341633796692}