{"Diagonal Symmetry Score": 1.0, "Row/Col Normalization Score": 0.9696393609046936, "My method size weighted latency": 266032.625, "Grid plus size weighted latency": 340104.5, "Run Time": 96.20765829086304}