{"Diagonal Symmetry Score": 1.0, "Row/Col Normalization Score": 0.970745325088501, "My method size weighted latency": 191418.953125, "Grid plus size weighted latency": 247599.625, "Run Time": 96.895423412323}