{"Diagonal Symmetry Score": 1.0, "Row/Col Normalization Score": 0.9662243723869324, "My method size weighted latency": 232826.421875, "Grid plus size weighted latency": 309175.84375, "Run Time": 90.70820569992065}