{"Diagonal Symmetry Score": 1.0, "Row/Col Normalization Score": 0.9752384424209595, "My method size weighted latency": 56814.0625, "Grid plus size weighted latency": 65117.03125, "Run Time": 95.35967421531677}