{"Diagonal Symmetry Score": 1.0, "Row/Col Normalization Score": 0.9726636409759521, "My method size weighted latency": 30994.90625, "Grid plus size weighted latency": 37151.82421875, "Run Time": 93.08510065078735}