{"Diagonal Symmetry Score": 1.0, "Row/Col Normalization Score": 0.9696453809738159, "My method size weighted latency": 141671.453125, "Grid plus size weighted latency": 166559.03125, "Run Time": 99.46337532997131}