{"Diagonal Symmetry Score": 1.0, "Row/Col Normalization Score": 0.9780497550964355, "My method size weighted latency": 394384.07419745164, "Grid plus size weighted latency": 727842.6720640067, "Motif size weighted latency": 499576.9375, "Total Demand": 9387292.0}