{"Diagonal Symmetry Score": 1.0, "Row/Col Normalization Score": 0.9093276858329773, "My method size weighted latency": 1576216.5431324793, "Grid plus size weighted latency": 2323203.4457526887, "Motif size weighted latency": 1819008.125, "Total Demand": 34542280.0}