{"Diagonal Symmetry Score": 1.0, "Row/Col Normalization Score": 0.9834058880805969, "My method size weighted latency": 90659.04168975209, "Grid plus size weighted latency": 2102914861.5385551, "Motif size weighted latency": 148302.3125, "Total Demand": 2542490.75}