{"Diagonal Symmetry Score": 1.0, "Row/Col Normalization Score": 0.8916733264923096, "My method size weighted latency": 2470109.5331477383, "Grid plus size weighted latency": 3356721.7049368694, "Motif size weighted latency": 2655907.25, "Total Demand": 52083856.0}