{"Diagonal Symmetry Score": 1.0, "Row/Col Normalization Score": 0.9753165245056152, "My method size weighted latency": 227460.40625, "Grid plus size weighted latency": 289540.71875, "Motif size weighted latency": 250689.515625}