{"Diagonal Symmetry Score": 1.0, "Row/Col Normalization Score": 0.9791681170463562, "My method size weighted latency": 222867.515625, "Grid plus size weighted latency": 315741.28125, "Motif size weighted latency": 296438.15625}