{"Diagonal Symmetry Score": 1.0, "Row/Col Normalization Score": 0.9810361862182617, "My method size weighted latency": 22591.1875, "Grid plus size weighted latency": 41891.40625, "Motif size weighted latency": 28861.908203125}