{"Diagonal Symmetry Score": 1.0, "Row/Col Normalization Score": 0.975379467010498, "My method size weighted latency": 51094.8671875, "Grid plus size weighted latency": 94141.0859375, "Motif size weighted latency": 65952.203125}