{"Diagonal Symmetry Score": 1.0, "Row/Col Normalization Score": 0.9777526259422302, "My method size weighted latency": 155612.828125, "Grid plus size weighted latency": 183407.34375, "Motif size weighted latency": 160488.171875}