{"Diagonal Symmetry Score": 1.0, "Row/Col Normalization Score": 0.9732651114463806, "My method size weighted latency": 81474.5625, "Grid plus size weighted latency": 137136.15625, "Motif size weighted latency": 105494.609375}