{"Diagonal Symmetry Score": 1.0, "Row/Col Normalization Score": 0.9686564803123474, "My method size weighted latency": 109590.453125, "Grid plus size weighted latency": 163671.953125, "Motif size weighted latency": 138463.046875}