{"Diagonal Symmetry Score": 1.0, "Row/Col Normalization Score": 0.9783840179443359, "My method size weighted latency": 194447.53125, "Grid plus size weighted latency": 242129.71875, "Motif size weighted latency": 242129.6875}