{"Diagonal Symmetry Score": 1.0, "Row/Col Normalization Score": 0.9812199473381042, "My method size weighted latency": 2771303.6965942383, "Grid plus size weighted latency": 826698313.140564, "Motif size weighted latency": 4354452.5, "Total Demand": 1000000.0, "Objective": "hops", "Latency Addendum": 13535.482199624636}