{"Diagonal Symmetry Score": 1.0, "Row/Col Normalization Score": 0.911857008934021, "My method size weighted latency": 5359722.880249023, "Grid plus size weighted latency": 11846673.106445312, "Motif size weighted latency": 10370897.0, "Total Demand": 1000000.0, "Objective": "hops", "Latency Addendum": 5527.399288415215, "Violations": 0.0}