{"Diagonal Symmetry Score": 1.0, "Row/Col Normalization Score": 0.9718341827392578, "My method size weighted latency": 3861916.877319336, "Grid plus size weighted latency": 7280974.243896484, "Motif size weighted latency": 6737551.5, "Total Demand": 1000000.0, "Objective": "hops", "Latency Addendum": 8050.692955326879, "Violations": 0.0}