{"Diagonal Symmetry Score": 1.0, "Row/Col Normalization Score": 0.9749568104743958, "My method size weighted latency": 42495.212877332844, "Grid plus size weighted latency": 826312127.139086, "Motif size weighted latency": 55823.453125, "Total Demand": 1000000.0, "Objective": "latency", "Latency Addendum": 13535.482199624636, "Violations": 0.0}