{"Diagonal Symmetry Score": 1.0, "Row/Col Normalization Score": 0.9059085845947266, "My method size weighted latency": 61966.468755369744, "Grid plus size weighted latency": 63087.4505104249, "Motif size weighted latency": 49866.6328125, "Total Demand": 1000000.0625, "Objective": "latency", "Latency Addendum": 7565.412806164211, "Violations": 0.0}