{"Diagonal Symmetry Score": 1.0, "Row/Col Normalization Score": 0.882135272026062, "My method size weighted latency": 66573.45571873437, "Grid plus size weighted latency": 62676.9069340799, "Motif size weighted latency": 60576.94140625, "Total Demand": 1000000.0625, "Objective": "latency", "Latency Addendum": 6489.013664961361}