{"Diagonal Symmetry Score": 1.0, "Row/Col Normalization Score": 0.877716064453125, "My method size weighted latency": 81940.06833999397, "Grid plus size weighted latency": 65845.96626461775, "Motif size weighted latency": 60854.0234375, "Total Demand": 999999.9375, "Objective": "latency", "Latency Addendum": 5703.185061219795, "Violations": 0.0}