{"Diagonal Symmetry Score": 1.0, "Row/Col Normalization Score": 0.9346416592597961, "My method size weighted latency": 4056625.1483154297, "Grid plus size weighted latency": 11270628.199707031, "Motif size weighted latency": 10471302.0, "Total Demand": 999999.9375, "Objective": "hops"}