{"Diagonal Symmetry Score": 1.0, "Row/Col Normalization Score": 0.9864886403083801, "My method size weighted latency": 3340060.53515625, "Grid plus size weighted latency": 6453145.642578125, "Motif size weighted latency": 6071467.0, "Total Demand": 1000000.0, "Objective": "hops"}