{"Diagonal Symmetry Score": 1.0, "Row/Col Normalization Score": 0.9570010900497437, "My method size weighted latency": 3760243.8811035156, "Grid plus size weighted latency": 9801990.771362305, "Motif size weighted latency": 9036972.0, "Total Demand": 1000000.0, "Objective": "hops"}