{"Diagonal Symmetry Score": 1.0, "Row/Col Normalization Score": 0.9262187480926514, "My method size weighted latency": 43724.17029682553, "Grid plus size weighted latency": 66151.70070452473, "Motif size weighted latency": 52059.26171875, "Total Demand": 1000000.0, "Objective": "latency", "Latency Addendum": 8050.692955326879}