{"Diagonal Symmetry Score": 1.0, "Row/Col Normalization Score": 0.8911216855049133, "My method size weighted latency": 49698.326878759915, "Grid plus size weighted latency": 65845.96626461775, "Motif size weighted latency": 60854.0234375, "Total Demand": 999999.9375, "Objective": "latency", "Latency Addendum": 5703.185061219795}