{"Diagonal Symmetry Score": 1.0, "Row/Col Normalization Score": 0.8951406478881836, "My method size weighted latency": 44866.21390115883, "Grid plus size weighted latency": 66369.30821626546, "Motif size weighted latency": 59604.390625, "Total Demand": 1000000.0, "Objective": "latency", "Latency Addendum": 6529.600949930505}