{"Diagonal Symmetry Score": 1.0, "Row/Col Normalization Score": 0.972862184047699, "My method size weighted latency": 306405.53125, "Grid plus size weighted latency": 294245.03125, "Motif size weighted latency": 276083.46875}