{"Diagonal Symmetry Score": 1.0, "Row/Col Normalization Score": 0.9756520390510559, "My method size weighted latency": 213840.265625, "Grid plus size weighted latency": 230888.78125, "Motif size weighted latency": 203847.3125}