{"Diagonal Symmetry Score": 1.0, "Row/Col Normalization Score": 0.9722008109092712, "My method size weighted latency": 140229.515625, "Grid plus size weighted latency": 172726.90625, "Motif size weighted latency": 160060.171875}