{"Diagonal Symmetry Score": 1.0, "Row/Col Normalization Score": 0.9811581373214722, "My method size weighted latency": 24149.791015625, "Grid plus size weighted latency": 35553.31640625, "Motif size weighted latency": 33684.80078125}