{"Diagonal Symmetry Score": 1.0, "Row/Col Normalization Score": 0.9716747999191284, "My method size weighted latency": 378752.3125, "Grid plus size weighted latency": 388330.4375, "Motif size weighted latency": 336217.03125}