{"Diagonal Symmetry Score": 1.0, "Row/Col Normalization Score": 0.9707487225532532, "My method size weighted latency": 4045310.1110839844, "Grid plus size weighted latency": 7563042.746826172, "Motif size weighted latency": 7224790.0, "Total Demand": 1000000.0, "Objective": "hops", "Latency Addendum": 8761.174459851569, "Paths Grid Plus": [3, 4], "Counts Grid Plus": [4592, 8128], "Counts Motif": [4592, 8128], "Counts C": [6909, 5337, 474]}