{"Diagonal Symmetry Score": 1.0, "Row/Col Normalization Score": 0.9726608991622925, "My method size weighted latency": 3245580.5354003906, "Grid plus size weighted latency": 5872523.026977539, "Motif size weighted latency": 5195608.5, "Total Demand": 1000000.0, "Objective": "hops"}