{"Diagonal Symmetry Score": 1.0, "Row/Col Normalization Score": 0.9645755887031555, "My method size weighted latency": 3641574.0794677734, "Grid plus size weighted latency": 8926324.794555664, "Motif size weighted latency": 8317051.0, "Total Demand": 1000000.0, "Objective": "hops"}