{"Diagonal Symmetry Score": 1.0, "Row/Col Normalization Score": 0.9843820333480835, "My method size weighted latency": 3559430.9212646484, "Grid plus size weighted latency": 7280974.243896484, "Motif size weighted latency": 6737551.5, "Total Demand": 1000000.0, "Objective": "hops"}