{"Diagonal Symmetry Score": 1.0, "Row/Col Normalization Score": 0.979026734828949, "My method size weighted latency": 316549.09375, "Grid plus size weighted latency": 388330.4375, "Motif size weighted latency": 336217.03125}