{"Diagonal Symmetry Score": 1.0, "Row/Col Normalization Score": 0.979228138923645, "My method size weighted latency": 129315.8828125, "Grid plus size weighted latency": 172726.90625, "Motif size weighted latency": 160060.171875}