{"Diagonal Symmetry Score": 1.0, "Row/Col Normalization Score": 0.9734780192375183, "My method size weighted latency": 475172.84375, "Grid plus size weighted latency": 444947.125, "Motif size weighted latency": 413397.40625}