{"Diagonal Symmetry Score": 1.0, "Row/Col Normalization Score": 0.9805542230606079, "My method size weighted latency": 50932.39453125, "Grid plus size weighted latency": 83349.1015625, "Motif size weighted latency": 78591.640625}