{"Diagonal Symmetry Score": 1.0, "Row/Col Normalization Score": 0.9792381525039673, "My method size weighted latency": 81021.9140625, "Grid plus size weighted latency": 126157.3984375, "Motif size weighted latency": 103220.4375}