{"Diagonal Symmetry Score": 1.0, "Row/Col Normalization Score": 0.9782229065895081, "My method size weighted latency": 197638.546875, "Grid plus size weighted latency": 230888.78125, "Motif size weighted latency": 203847.3125}