{"Diagonal Symmetry Score": 1.0, "Row/Col Normalization Score": 0.9802692532539368, "My method size weighted latency": 283065.5625, "Grid plus size weighted latency": 348862.3125, "Motif size weighted latency": 310093.15625}