{"Diagonal Symmetry Score": 1.0, "Row/Col Normalization Score": 0.9743137955665588, "My method size weighted latency": 225588.40625, "Grid plus size weighted latency": 267314.125, "Motif size weighted latency": 244346.734375}