{"Diagonal Symmetry Score": 1.0, "Row/Col Normalization Score": 0.9813470244407654, "My method size weighted latency": 26656462.859375, "Grid plus size weighted latency": 8425367794.609375, "Motif size weighted latency": 45171432.0, "Total Demand": 10000000.0}