{"Diagonal Symmetry Score": 1.0, "Row/Col Normalization Score": 0.8899345397949219, "My method size weighted latency": 73850.25991014506, "Grid plus size weighted latency": 65634.11032848177, "Motif size weighted latency": 57316.28515625, "Total Demand": 1000000.0, "Objective": "latency", "Latency Addendum": 6280.485499129138}