{"Diagonal Symmetry Score": 1.0, "Row/Col Normalization Score": 0.9656772613525391, "My method size weighted latency": 42824.044557229136, "Grid plus size weighted latency": 62804.557877680156, "Motif size weighted latency": 59517.12890625, "Total Demand": 1000000.0, "Objective": "latency", "Latency Addendum": 8761.174459851569}