{"Diagonal Symmetry Score": 1.0, "Row/Col Normalization Score": 0.9368319511413574, "My method size weighted latency": 4374128.145629883, "Grid plus size weighted latency": 9530242.670898438, "Motif size weighted latency": 8797462.0, "Total Demand": 999999.9375, "Objective": "hops", "Latency Addendum": 6851.28111582154}