{"Diagonal Symmetry Score": 1.0, "Row/Col Normalization Score": 0.9812111854553223, "My method size weighted latency": 3346889.7059936523, "Grid plus size weighted latency": 826698313.140564, "Motif size weighted latency": 4354452.5, "Total Demand": 1000000.0, "Objective": "hops", "Latency Addendum": 13535.482199624636}