{"Diagonal Symmetry Score": 1.0, "Row/Col Normalization Score": 0.9197266697883606, "My method size weighted latency": 50510.90814112642, "Grid plus size weighted latency": 66369.30817965673, "Motif size weighted latency": 59604.390625, "Total Demand": 1000000.0, "Objective": "latency", "Latency Addendum": 6529.600949930506}