{"Diagonal Symmetry Score": 1.0, "Row/Col Normalization Score": 0.9645498394966125, "My method size weighted latency": 3839455.9780273438, "Grid plus size weighted latency": 6525919.807128906, "Motif size weighted latency": 6133905.5, "Total Demand": 1000000.0, "Objective": "hops", "Latency Addendum": 9166.902584115624}