{"Diagonal Symmetry Score": 1.0, "Row/Col Normalization Score": 0.8921476602554321, "My method size weighted latency": 56415.467787597576, "Grid plus size weighted latency": 58551.11817518168, "Motif size weighted latency": 58551.12890625, "Total Demand": 1000000.0625, "Objective": "latency", "Latency Addendum": 6130.966703231333}