{"Diagonal Symmetry Score": 1.0, "Row/Col Normalization Score": 0.9780844449996948, "My method size weighted latency": 45728.106096302945, "Grid plus size weighted latency": 70447.85934562169, "Motif size weighted latency": 60549.24609375, "Total Demand": 1000000.0, "Objective": "latency", "Latency Addendum": 10591.669611276775}