{"Diagonal Symmetry Score": 1.0, "Row/Col Normalization Score": 0.937335729598999, "My method size weighted latency": 48664.81086279734, "Grid plus size weighted latency": 66151.70070452473, "Motif size weighted latency": 52059.26171875, "Total Demand": 1000000.0, "Objective": "latency", "Latency Addendum": 8050.69295532688}