{"Diagonal Symmetry Score": 1.0, "Row/Col Normalization Score": 0.9067671298980713, "My method size weighted latency": 47996.32211090061, "Grid plus size weighted latency": 56974.56524759273, "Motif size weighted latency": 56974.55078125, "Total Demand": 1000000.0, "Objective": "latency", "Latency Addendum": 6567.807393365975}