{"Diagonal Symmetry Score": 1.0, "Row/Col Normalization Score": 0.9109042286872864, "My method size weighted latency": 4567782.810058594, "Grid plus size weighted latency": 11038703.59375, "Motif size weighted latency": 10446813.0, "Total Demand": 1000000.0625, "Objective": "hops", "Latency Addendum": 6130.966703231333}