{"Diagonal Symmetry Score": 1.0, "Row/Col Normalization Score": 0.9114448428153992, "My method size weighted latency": 69469.36625462407, "Grid plus size weighted latency": 67654.60801959717, "Motif size weighted latency": 62257.85546875, "Total Demand": 1000000.0625, "Objective": "latency", "Latency Addendum": 6064.206773389743}