{"Diagonal Symmetry Score": 1.0, "Row/Col Normalization Score": 0.9674943089485168, "My method size weighted latency": 4257228.9697265625, "Grid plus size weighted latency": 8245061.8642578125, "Motif size weighted latency": 8116190.5, "Total Demand": 1000000.0, "Objective": "hops", "Latency Addendum": 8620.809924089004}