{"Diagonal Symmetry Score": 1.0, "Row/Col Normalization Score": 0.9447623491287231, "My method size weighted latency": 4419226.63659668, "Grid plus size weighted latency": 8902580.9296875, "Motif size weighted latency": 8353568.5, "Total Demand": 1000000.0, "Objective": "hops", "Latency Addendum": 6299.6307997567355}