{"Diagonal Symmetry Score": 1.0, "Row/Col Normalization Score": 0.9718078374862671, "My method size weighted latency": 3968368.008178711, "Grid plus size weighted latency": 5533656.718261719, "Motif size weighted latency": 5119361.5, "Total Demand": 1000000.0, "Objective": "hops", "Latency Addendum": 10591.669611276775}