{"Diagonal Symmetry Score": 1.0, "Row/Col Normalization Score": 0.9571940898895264, "My method size weighted latency": 4980852.047729492, "Grid plus size weighted latency": 8926324.794555664, "Motif size weighted latency": 8317051.0, "Total Demand": 1000000.0, "Objective": "hops", "Latency Addendum": 6529.600949930506}