{"Diagonal Symmetry Score": 1.0, "Row/Col Normalization Score": 0.9812220931053162, "My method size weighted latency": 3172029.056213379, "Grid plus size weighted latency": 4349258.593811035, "Motif size weighted latency": 4349259.0, "Total Demand": 1000000.0, "Objective": "hops", "Latency Addendum": 13438.449914592007}