{"Diagonal Symmetry Score": 1.0, "Row/Col Normalization Score": 0.968634843826294, "My method size weighted latency": 48833084.768553294, "Grid plus size weighted latency": 77072.31098042411, "Motif size weighted latency": 48674.3046875, "Total Demand": 1000000.0, "Objective": "latency", "Latency Addendum": 13438.449914592007}