{"Diagonal Symmetry Score": 1.0, "Row/Col Normalization Score": 0.9687023758888245, "My method size weighted latency": 41504.2148671225, "Grid plus size weighted latency": 826312127.1390666, "Motif size weighted latency": 55823.453125, "Total Demand": 1000000.0, "Objective": "latency", "Latency Addendum": 13535.482199624636}