{"Diagonal Symmetry Score": 1.0, "Row/Col Normalization Score": 0.9398489594459534, "My method size weighted latency": 45263.40765342804, "Grid plus size weighted latency": 57966.073716610525, "Motif size weighted latency": 56566.67578125, "Total Demand": 1000000.0, "Objective": "latency", "Latency Addendum": 8620.809924089004}