{"Diagonal Symmetry Score": 1.0, "Row/Col Normalization Score": 0.981219470500946, "My method size weighted latency": 4134261.5844726562, "Grid plus size weighted latency": 6453145.642578125, "Motif size weighted latency": 6071467.0, "Total Demand": 1000000.0, "Objective": "hops", "Latency Addendum": 8793.807379676335}