{"Diagonal Symmetry Score": 1.0, "Row/Col Normalization Score": 0.9192525744438171, "My method size weighted latency": 4656035.756958008, "Grid plus size weighted latency": 10005728.915405273, "Motif size weighted latency": 9526540.0, "Total Demand": 1000000.0, "Objective": "hops", "Latency Addendum": 6567.807393365975}