{"Diagonal Symmetry Score": 1.0, "Row/Col Normalization Score": 0.9707726836204529, "My method size weighted latency": 41708.449627008944, "Grid plus size weighted latency": 66379.1597815928, "Motif size weighted latency": 62518.375, "Total Demand": 1000000.0, "Objective": "latency", "Latency Addendum": 9166.902584115624}