{"Diagonal Symmetry Score": 1.0, "Row/Col Normalization Score": 0.9639691710472107, "My method size weighted latency": 4009009.0737304688, "Grid plus size weighted latency": 7563042.746826172, "Motif size weighted latency": 7224790.0, "Total Demand": 1000000.0, "Objective": "hops", "Latency Addendum": 8761.174459851569}