{"Diagonal Symmetry Score": 1.0, "Row/Col Normalization Score": 0.9688114523887634, "My method size weighted latency": 4412022.415405273, "Grid plus size weighted latency": 7280974.243896484, "Motif size weighted latency": 6737551.5, "Total Demand": 1000000.0, "Objective": "hops", "Latency Addendum": 8050.69295532688}