{"Diagonal Symmetry Score": 1.0, "Row/Col Normalization Score": 0.9184115529060364, "My method size weighted latency": 48298.22863949754, "Grid plus size weighted latency": 57875.921712279305, "Motif size weighted latency": 57875.921875, "Total Demand": 999999.9375, "Objective": "latency", "Latency Addendum": 6851.28111582154}