{"Diagonal Symmetry Score": 1.0, "Row/Col Normalization Score": 0.9840717911720276, "My method size weighted latency": 44691.21758375293, "Grid plus size weighted latency": 80589.26276605151, "Motif size weighted latency": 55654.703125, "Total Demand": 1000000.0, "Objective": "latency", "Latency Addendum": 10035.14241183188}