{"Diagonal Symmetry Score": 1.0, "Row/Col Normalization Score": 0.9698602557182312, "My method size weighted latency": 0.0456656739115715, "Grid plus size weighted latency": 0.059555742889642715, "Motif size weighted latency": 0.057268425822257996}