{"Diagonal Symmetry Score": 1.0, "Row/Col Normalization Score": 0.9761572480201721, "My method size weighted latency": 0.044149164110422134, "Grid plus size weighted latency": 0.0608975812792778, "Motif size weighted latency": 0.05508369579911232}