{"Diagonal Symmetry Score": 1.0, "Row/Col Normalization Score": 0.9743979573249817, "My method size weighted latency": 0.04786526784300804, "Grid plus size weighted latency": 0.05944253131747246, "Motif size weighted latency": 0.052716214209795}