{"Diagonal Symmetry Score": 1.0, "Row/Col Normalization Score": 0.9815099835395813, "My method size weighted latency": 0.04381459578871727, "Grid plus size weighted latency": 0.062194183468818665, "Motif size weighted latency": 0.062194161117076874}