{"Diagonal Symmetry Score": 1.0, "Row/Col Normalization Score": 0.9803639650344849, "My method size weighted latency": 0.03505579009652138, "Grid plus size weighted latency": 0.07486631721258163, "Motif size weighted latency": 0.05611000955104828}