{"Diagonal Symmetry Score": 1.0, "Row/Col Normalization Score": 0.9818810224533081, "My method size weighted latency": 0.04854293540120125, "Grid plus size weighted latency": 0.06787975877523422, "Motif size weighted latency": 0.05826162174344063}