{"Diagonal Symmetry Score": 1.0, "Row/Col Normalization Score": 0.9794938564300537, "My method size weighted latency": 0.04352109134197235, "Grid plus size weighted latency": 0.06403852254152298, "Motif size weighted latency": 0.05866030603647232}