{"Diagonal Symmetry Score": 1.0, "Row/Col Normalization Score": 0.9802887439727783, "My method size weighted latency": 0.05604705959558487, "Grid plus size weighted latency": 0.06956646591424942, "Motif size weighted latency": 0.06798666715621948}