{"Diagonal Symmetry Score": 1.0, "Row/Col Normalization Score": 0.9782383441925049, "My method size weighted latency": 0.03956390544772148, "Grid plus size weighted latency": 0.05891577526926994, "Motif size weighted latency": 0.05254754424095154}