{"Diagonal Symmetry Score": 1.0, "Row/Col Normalization Score": 0.9785106182098389, "My method size weighted latency": 0.040281571447849274, "Grid plus size weighted latency": 0.059813354164361954, "Motif size weighted latency": 0.05253083258867264}