{"Diagonal Symmetry Score": 1.0, "Row/Col Normalization Score": 0.9242188930511475, "My method size weighted latency": 4220616.216918945, "Grid plus size weighted latency": 9801990.771362305, "Motif size weighted latency": 9036972.0, "Total Demand": 1000000.0, "Objective": "hops", "Latency Addendum": 6280.485499129138}