{"Diagonal Symmetry Score": 1.0, "Row/Col Normalization Score": 0.9874268770217896, "My method size weighted latency": 2955397.2990112305, "Grid plus size weighted latency": 826698313.140564, "Motif size weighted latency": 4354452.5, "Total Demand": 1000000.0, "Objective": "hops", "Latency Addendum": 13535.482199624636}