{"Diagonal Symmetry Score": 1.0, "Row/Col Normalization Score": 0.9457502365112305, "My method size weighted latency": 44135.91115089058, "Grid plus size weighted latency": 72275.613291346, "Motif size weighted latency": 56158.87890625, "Total Demand": 1000000.0, "Objective": "latency", "Latency Addendum": 8793.807379676335}