{"Diagonal Symmetry Score": 1.0, "Row/Col Normalization Score": 0.9906103610992432, "My method size weighted latency": 3680601.014892578, "Grid plus size weighted latency": 5872523.026977539, "Motif size weighted latency": 5195608.5, "Total Demand": 1000000.0, "Objective": "hops", "Latency Addendum": 10035.14241183188}