{"Diagonal Symmetry Score": 1.0, "Row/Col Normalization Score": 0.9104565382003784, "My method size weighted latency": 54610.33164899944, "Grid plus size weighted latency": 66151.70070452473, "Motif size weighted latency": 52059.26171875, "Total Demand": 1000000.0, "Objective": "latency", "Latency Addendum": 8050.69295532688}