{"Diagonal Symmetry Score": 1.0, "Row/Col Normalization Score": 0.9937413334846497, "My method size weighted latency": 40521.126801504724, "Grid plus size weighted latency": 826312127.1390666, "Motif size weighted latency": 55823.453125, "Total Demand": 1000000.0, "Objective": "latency", "Latency Addendum": 13535.482199624636}