{"Diagonal Symmetry Score": 1.0, "Row/Col Normalization Score": 0.8907107710838318, "My method size weighted latency": 52591.66442496289, "Grid plus size weighted latency": 63087.45056431055, "Motif size weighted latency": 49866.6328125, "Total Demand": 1000000.0625, "Objective": "latency", "Latency Addendum": 7565.4128061642095}