{"Diagonal Symmetry Score": 1.0, "Row/Col Normalization Score": 0.8671501278877258, "My method size weighted latency": 63938.3492930118, "Grid plus size weighted latency": 67654.60801959717, "Motif size weighted latency": 62257.85546875, "Total Demand": 1000000.0625, "Objective": "latency", "Latency Addendum": 6064.206773389743}