{"Diagonal Symmetry Score": 1.0, "Row/Col Normalization Score": 0.9686890840530396, "My method size weighted latency": 3949436.7377929688, "Grid plus size weighted latency": 7280974.243896484, "Motif size weighted latency": 6737551.5, "Total Demand": 1000000.0, "Objective": "hops", "Latency Addendum": 8050.69295532688}