{"Diagonal Symmetry Score": 1.0, "Row/Col Normalization Score": 0.9906134605407715, "My method size weighted latency": 43121.379357313155, "Grid plus size weighted latency": 80589.26276605151, "Motif size weighted latency": 55654.703125, "Total Demand": 1000000.0, "Objective": "latency", "Latency Addendum": 10035.14241183188}