{"Diagonal Symmetry Score": 1.0, "Row/Col Normalization Score": 0.8944298624992371, "My method size weighted latency": 4610376.22644043, "Grid plus size weighted latency": 11270628.199707031, "Motif size weighted latency": 10471302.0, "Total Demand": 999999.9375, "Objective": "hops", "Latency Addendum": 5703.185061219793}