{"Diagonal Symmetry Score": 1.0, "Row/Col Normalization Score": 0.8581421971321106, "My method size weighted latency": 60254.551701685996, "Grid plus size weighted latency": 65845.96588705207, "Motif size weighted latency": 60854.0234375, "Total Demand": 999999.9375, "Objective": "latency", "Latency Addendum": 5703.185061219793}