{"Diagonal Symmetry Score": 1.0, "Row/Col Normalization Score": 0.9713377356529236, "My method size weighted latency": 36898088.44042969, "Grid plus size weighted latency": 73315200.35839844, "Motif size weighted latency": 71860392.0, "Total Demand": 10000001.0}