{"Diagonal Symmetry Score": 1.0, "Row/Col Normalization Score": 0.9486124515533447, "My method size weighted latency": 351297772.1503906, "Grid plus size weighted latency": 781451519.1347656, "Motif size weighted latency": 761284608.0, "Total Demand": 94055136.0}