{"Diagonal Symmetry Score": 1.0, "Row/Col Normalization Score": 0.9815659523010254, "My method size weighted latency": 12867243.81640625, "Grid plus size weighted latency": 4059218102.671875, "Motif size weighted latency": 21762932.0, "Total Demand": 4817852.5}