{"Diagonal Symmetry Score": 1.0, "Row/Col Normalization Score": 0.8107361793518066, "My method size weighted latency": 18952322.443197798, "Grid plus size weighted latency": 17237308.86880122, "Motif size weighted latency": 16489348.0, "Total Demand": 280408288.0}