{"Diagonal Symmetry Score": 1.0, "Row/Col Normalization Score": 0.9811919331550598, "My method size weighted latency": 2863808.6963500977, "Grid plus size weighted latency": 826698313.140564, "Motif size weighted latency": 4354452.5, "Total Demand": 1000000.0, "Objective": "hops", "Latency Addendum": 13535.482199624636, "Violations": 0.0}