{"Diagonal Symmetry Score": 1.0, "Row/Col Normalization Score": 0.8935830593109131, "My method size weighted latency": 4050682.588273472, "Grid plus size weighted latency": 4972356.143322105, "Motif size weighted latency": 4148882.5, "Total Demand": 81529280.0}