{"Diagonal Symmetry Score": 1.0, "Row/Col Normalization Score": 0.9874364137649536, "My method size weighted latency": 57474310.8203125, "Grid plus size weighted latency": 102539495.87304688, "Motif size weighted latency": 90899608.0, "Total Demand": 17502966.0}