{"Diagonal Symmetry Score": 1.0, "Row/Col Normalization Score": 0.9816796183586121, "My method size weighted latency": 130761859.91796875, "Grid plus size weighted latency": 235955360.859375, "Motif size weighted latency": 226808976.0, "Total Demand": 36972560.0}