{"Diagonal Symmetry Score": 1.0, "Row/Col Normalization Score": 0.8599926233291626, "My method size weighted latency": 7405780.6891352665, "Grid plus size weighted latency": 9248315.245779281, "Motif size weighted latency": 8365382.5, "Total Demand": 149787168.0}