{"Diagonal Symmetry Score": 1.0, "Row/Col Normalization Score": 0.8787437081336975, "My method size weighted latency": 1335339598.6484375, "Grid plus size weighted latency": 3725664809.7558594, "Motif size weighted latency": 3279530752.0, "Total Demand": 323447136.0}