{"Diagonal Symmetry Score": 1.0, "Row/Col Normalization Score": 0.7968356013298035, "My method size weighted latency": 23991610.101065606, "Grid plus size weighted latency": 20227069.41219649, "Motif size weighted latency": 19925436.0, "Total Demand": 334863104.0}