{"Diagonal Symmetry Score": 1.0, "Row/Col Normalization Score": 0.9655663967132568, "My method size weighted latency": 634771.2399103004, "Grid plus size weighted latency": 1075433.9442503096, "Motif size weighted latency": 826018.375, "Total Demand": 15167437.0}