{"Diagonal Symmetry Score": 1.0, "Row/Col Normalization Score": 0.9792793393135071, "My method size weighted latency": 35288515.106933594, "Grid plus size weighted latency": 63819043.720214844, "Motif size weighted latency": 61345224.0, "Total Demand": 10000000.0}