{"Diagonal Symmetry Score": 1.0, "Row/Col Normalization Score": 0.918938398361206, "My method size weighted latency": 680927526.4140625, "Grid plus size weighted latency": 1670330047.5234375, "Motif size weighted latency": 1617764480.0, "Total Demand": 172793584.0}