{"Diagonal Symmetry Score": 1.0, "Row/Col Normalization Score": 0.9874241948127747, "My method size weighted latency": 33178154.37109375, "Grid plus size weighted latency": 58584072.560546875, "Motif size weighted latency": 51933852.0, "Total Demand": 10000000.0}