{"Diagonal Symmetry Score": 1.0, "Row/Col Normalization Score": 0.8915001749992371, "My method size weighted latency": 869667442.609375, "Grid plus size weighted latency": 2266604446.9296875, "Motif size weighted latency": 2206676736.0, "Total Demand": 219660720.0}