{"Diagonal Symmetry Score": 1.0, "Row/Col Normalization Score": 0.9400822520256042, "My method size weighted latency": 505341579.16796875, "Grid plus size weighted latency": 1154590620.0976562, "Motif size weighted latency": 1125351680.0, "Total Demand": 128519488.0}