{"Diagonal Symmetry Score": 1.0, "Row/Col Normalization Score": 0.9456660747528076, "My method size weighted latency": 40413980.2890625, "Grid plus size weighted latency": 96666211.93078613, "Motif size weighted latency": 93623928.0, "Total Demand": 10000001.0}