{"Diagonal Symmetry Score": 1.0, "Row/Col Normalization Score": 0.9568358063697815, "My method size weighted latency": 4142786.860961914, "Grid plus size weighted latency": 8926324.794555664, "Motif size weighted latency": 8317051.0, "Total Demand": 1000000.0, "Objective": "hops", "Latency Addendum": 6529.600949930505, "Violations": 0.0}