{"Diagonal Symmetry Score": 1.0, "Row/Col Normalization Score": 0.9621354341506958, "My method size weighted latency": 3958892.44921875, "Grid plus size weighted latency": 6525919.807128906, "Motif size weighted latency": 6133905.5, "Total Demand": 1000000.0, "Objective": "hops", "Latency Addendum": 9166.902584115624, "Paths Grid Plus": [3, 4], "Counts Grid Plus": [2580, 4560], "Counts Motif": [2580, 4560], "Counts C": [3655, 3248, 237]}