{"Diagonal Symmetry Score": 1.0, "Row/Col Normalization Score": 0.9655187129974365, "My method size weighted latency": 43668.82617402566, "Grid plus size weighted latency": 80589.26301879389, "Motif size weighted latency": 55654.703125, "Total Demand": 1000000.0, "Objective": "latency", "Latency Addendum": 10035.142411831877, "Violations": 0.0}