{"Diagonal Symmetry Score": 1.0, "Row/Col Normalization Score": 0.9833040237426758, "My method size weighted latency": 3436652.7719726562, "Grid plus size weighted latency": 6453145.642578125, "Motif size weighted latency": 6071467.0, "Total Demand": 1000000.0, "Objective": "hops", "Latency Addendum": 8793.807379676335, "Violations": 0.0}