{"Diagonal Symmetry Score": 1.0, "Row/Col Normalization Score": 0.9143897294998169, "My method size weighted latency": 5110124.309936523, "Grid plus size weighted latency": 11270628.199707031, "Motif size weighted latency": 10471302.0, "Total Demand": 999999.9375, "Objective": "hops", "Latency Addendum": 5703.185061219795, "Violations": 0.0}