{"Diagonal Symmetry Score": 1.0, "Row/Col Normalization Score": 0.8558378219604492, "My method size weighted latency": 9966772.890092582, "Grid plus size weighted latency": 11761166.114412174, "Motif size weighted latency": 11265938.0, "Total Demand": 190423072.0}