{"Diagonal Symmetry Score": 1.0, "Row/Col Normalization Score": 0.8796932101249695, "My method size weighted latency": 1090326269.7460938, "Grid plus size weighted latency": 2948085733.1132812, "Motif size weighted latency": 2899188480.0, "Total Demand": 270620608.0}