{"Diagonal Symmetry Score": 1.0, "Row/Col Normalization Score": 0.9749603271484375, "My method size weighted latency": 3492746.1376953125, "Grid plus size weighted latency": 5872523.026977539, "Motif size weighted latency": 5195608.5, "Total Demand": 1000000.0, "Objective": "hops", "Latency Addendum": 10035.142411831877, "Violations": 0.0}