{"Diagonal Symmetry Score": 1.0, "Row/Col Normalization Score": 0.9689443707466125, "My method size weighted latency": 230994905.14453125, "Grid plus size weighted latency": 461166983.8183594, "Motif size weighted latency": 452016544.0, "Total Demand": 62901956.0}