{"Diagonal Symmetry Score": 1.0, "Row/Col Normalization Score": 0.974989116191864, "My method size weighted latency": 3105374.1688842773, "Grid plus size weighted latency": 4349258.593811035, "Motif size weighted latency": 4349259.0, "Total Demand": 1000000.0, "Objective": "hops", "Latency Addendum": 13438.449914592007, "Paths Grid Plus": [2, 3, 4], "Counts Grid Plus": [455, 310, 15], "Counts Motif": [455, 310, 15], "Counts C": [213, 39, 528]}