{"Diagonal Symmetry Score": 1.0, "Row/Col Normalization Score": 0.8378994464874268, "My method size weighted latency": 11991103.486177452, "Grid plus size weighted latency": 14427746.98561588, "Motif size weighted latency": 14219868.0, "Total Demand": 234612352.0}