{"Diagonal Symmetry Score": 1.0, "Row/Col Normalization Score": 0.9059087634086609, "My method size weighted latency": 2585356.771859589, "Grid plus size weighted latency": 3473739.847861453, "Motif size weighted latency": 2889313.25, "Total Demand": 54520024.0}