{"Diagonal Symmetry Score": 1.0, "Row/Col Normalization Score": 0.9750047922134399, "My method size weighted latency": 158290.06466067594, "Grid plus size weighted latency": 290313.24821361987, "Motif size weighted latency": 223852.625, "Total Demand": 4174033.5}