{"Diagonal Symmetry Score": 1.0, "Row/Col Normalization Score": 0.927004337310791, "My method size weighted latency": 1433780.3411404607, "Grid plus size weighted latency": 2179054.1002221233, "Motif size weighted latency": 1797558.375, "Total Demand": 32045792.0}