{"Diagonal Symmetry Score": 1.0, "Row/Col Normalization Score": 0.9240176677703857, "My method size weighted latency": 4661823.538452148, "Grid plus size weighted latency": 10909939.872802734, "Motif size weighted latency": 10021517.0, "Total Demand": 1000000.0625, "Objective": "hops", "Latency Addendum": 6064.206773389742, "Violations": 0.0}