{"Diagonal Symmetry Score": 1.0, "Row/Col Normalization Score": 0.879220724105835, "My method size weighted latency": 5530076.635251998, "Grid plus size weighted latency": 7170279.5264922865, "Motif size weighted latency": 6800006.0, "Total Demand": 111409712.0}