{"Diagonal Symmetry Score": 1.0, "Row/Col Normalization Score": 0.976057231426239, "My method size weighted latency": 3663592.62109375, "Grid plus size weighted latency": 8166712.50390625, "Motif size weighted latency": 7614021.0, "Total Demand": 1000000.0625, "Objective": "hops", "Latency Addendum": 7565.412806164211}