{"Diagonal Symmetry Score": 1.0, "Row/Col Normalization Score": 0.9435590505599976, "My method size weighted latency": 41278008.39831543, "Grid plus size weighted latency": 103186600.20251465, "Motif size weighted latency": 100458024.0, "Total Demand": 10000000.0}