{"Diagonal Symmetry Score": 1.0, "Row/Col Normalization Score": 0.9627079367637634, "My method size weighted latency": 3862202.8979492188, "Grid plus size weighted latency": 5533656.718261719, "Motif size weighted latency": 5119361.5, "Total Demand": 1000000.0, "Objective": "hops", "Latency Addendum": 10591.669611276775, "Paths Grid Plus": [3, 2, 4], "Counts Grid Plus": [1442, 1015, 703], "Counts Motif": [1390, 1770], "Counts C": [1596, 1485, 79]}