{"Diagonal Symmetry Score": 1.0, "Row/Col Normalization Score": 0.8706735372543335, "My method size weighted latency": 47429.74304064101, "Grid plus size weighted latency": 65051.82268108181, "Motif size weighted latency": 57279.25390625, "Total Demand": 1000000.0, "Objective": "latency"}