{"Diagonal Symmetry Score": 1.0, "Row/Col Normalization Score": 0.9155023694038391, "My method size weighted latency": 48320.264359370645, "Grid plus size weighted latency": 67654.60801959717, "Motif size weighted latency": 62257.85546875, "Total Demand": 1000000.0625, "Objective": "latency"}