{"Diagonal Symmetry Score": 1.0, "Row/Col Normalization Score": 0.9690843820571899, "My method size weighted latency": 43764.621347913766, "Grid plus size weighted latency": 80589.26301879389, "Motif size weighted latency": 55654.703125, "Total Demand": 1000000.0, "Objective": "latency"}