{"Diagonal Symmetry Score": 1.0, "Row/Col Normalization Score": 0.9087226986885071, "My method size weighted latency": 45420.67621120406, "Grid plus size weighted latency": 65634.11047352664, "Motif size weighted latency": 57316.28515625, "Total Demand": 1000000.0, "Objective": "latency"}