{"Diagonal Symmetry Score": 1.0, "Row/Col Normalization Score": 0.9037244915962219, "My method size weighted latency": 40149154.27557373, "Grid plus size weighted latency": 108937944.76574707, "Motif size weighted latency": 107130968.0, "Total Demand": 10000000.0}