{"Diagonal Symmetry Score": 1.0, "Row/Col Normalization Score": 0.9662446975708008, "My method size weighted latency": 38120862.73950195, "Grid plus size weighted latency": 83084401.171875, "Motif size weighted latency": 80940184.0, "Total Demand": 10000000.0}