{"Diagonal Symmetry Score": 1.0, "Row/Col Normalization Score": 0.9616159796714783, "My method size weighted latency": 39959987.58239746, "Grid plus size weighted latency": 89837786.05200195, "Motif size weighted latency": 87562728.0, "Total Demand": 9999999.0}