{"Diagonal Symmetry Score": 1.0, "Row/Col Normalization Score": 0.8887326717376709, "My method size weighted latency": 53773.551923638646, "Grid plus size weighted latency": 57966.073716610525, "Motif size weighted latency": 56566.67578125, "Total Demand": 1000000.0, "Objective": "latency", "Latency Addendum": 8620.809924089004}