{"Diagonal Symmetry Score": 1.0, "Row/Col Normalization Score": 0.9167840480804443, "My method size weighted latency": 50045.60747737286, "Grid plus size weighted latency": 62804.557877680156, "Motif size weighted latency": 59517.12890625, "Total Demand": 1000000.0, "Objective": "latency", "Latency Addendum": 8761.174459851569}