{"Diagonal Symmetry Score": 1.0, "Row/Col Normalization Score": 0.9561392068862915, "My method size weighted latency": 45394.48514853394, "Grid plus size weighted latency": 77072.31098042411, "Motif size weighted latency": 48674.3046875, "Total Demand": 1000000.0, "Objective": "latency", "Latency Addendum": 13438.449914592007}