{"Diagonal Symmetry Score": 1.0, "Row/Col Normalization Score": 0.8822745084762573, "My method size weighted latency": 53001.74954469315, "Grid plus size weighted latency": 57875.921712279305, "Motif size weighted latency": 57875.921875, "Total Demand": 999999.9375, "Objective": "latency", "Latency Addendum": 6851.28111582154}