{"Diagonal Symmetry Score": 1.0, "Row/Col Normalization Score": 0.8406900763511658, "My method size weighted latency": 84057.04237805294, "Grid plus size weighted latency": 62407.93826290115, "Motif size weighted latency": 60755.0234375, "Total Demand": 999999.9375, "Objective": "latency", "Latency Addendum": 5838.326062234567}