{"Diagonal Symmetry Score": 1.0, "Row/Col Normalization Score": 0.8812032341957092, "My method size weighted latency": 62983.42371207572, "Grid plus size weighted latency": 60241.02724489252, "Motif size weighted latency": 60228.3203125, "Total Demand": 1000000.0, "Objective": "latency", "Latency Addendum": 6299.6307997567355}