{"Diagonal Symmetry Score": 1.0, "Row/Col Normalization Score": 0.8545639514923096, "My method size weighted latency": 69506.91597909434, "Grid plus size weighted latency": 63996.12982127422, "Motif size weighted latency": 63996.140625, "Total Demand": 1000000.0625, "Objective": "latency", "Latency Addendum": 6228.881544048637}