{"Diagonal Symmetry Score": 1.0, "Row/Col Normalization Score": 0.9812129735946655, "My method size weighted latency": 14988.6865234375, "Grid plus size weighted latency": 37151.82421875}