{"Diagonal Symmetry Score": 1.0, "Row/Col Normalization Score": 0.9802133440971375, "My method size weighted latency": 73013.859375, "Grid plus size weighted latency": 116814.0859375}