{"Diagonal Symmetry Score": 1.0, "Row/Col Normalization Score": 0.9799802303314209, "My method size weighted latency": 51602.00390625, "Grid plus size weighted latency": 104880.2109375}