{"Diagonal Symmetry Score": 1.0, "Row/Col Normalization Score": 0.9791954159736633, "My method size weighted latency": 94123.4453125, "Grid plus size weighted latency": 166559.03125}