{"Diagonal Symmetry Score": 1.0, "Row/Col Normalization Score": 0.9763518571853638, "My method size weighted latency": 38512.26171875, "Grid plus size weighted latency": 65117.03125}